,Name,Price,Nal
0,GPS модуль Gazer ACG 230W,"799
₴",Есть в наличии
1,Відеореєстратор Gazer F118,"2 199
₴
Бонусами
22 ₴",Есть в наличии
2,Відеореєстратор Gazer F155,"5 999
₴
Бонусами
60 ₴",Есть в наличии
3,Відеореєстратор Gazer F715,"1 899
₴
Бонусами
19 ₴",Есть в наличии
4,Відеореєстратор Gazer CF730-IN,"1 499
₴
Бонусами
15 ₴",Есть в наличии
5,Відеореєстратор Gazer MUW5000,"5 999
₴
Бонусами
60 ₴",Есть в наличии
6,Відеореєстратор Gazer MUW7000,"8 999
₴
Бонусами
90 ₴",Есть в наличии
7,Телевізор Gazer TV55-US2G,"18 999
₴
Бонусами
190 ₴",Есть в наличии
8,Телевізор Gazer TV43-US2G,"13 999
₴
Бонусами
140 ₴",Есть в наличии
9,Пульт ДУ універсальний Gazer RC15,"479
₴
Бонусами
5 ₴",Есть в наличии
10,Телевізор Gazer TV49-US2G,"16 499
₴
Бонусами
165 ₴",Есть в наличии
11,Відеореєстратор Gazer F750w,"9 999
₴
Бонусами
100 ₴",Есть в наличии
12,GPS модуль Gazer ACG750,"999
₴
Бонусами
10 ₴",Есть в наличии
13,Телевізор Gazer TV65-US2G,"26 999
₴
Бонусами
270 ₴",Есть в наличии
14,Штатна магнітола Gazer CM5007-ED for Kia Ceed (ED) (2007-2012),"15 049
₴
Бонусами
150 ₴",Есть в наличии
15,Штатна магнітола Gazer CM5006-NF for Hyundai Sonata (NF) (2009-2010),"12 999
₴
Бонусами
130 ₴",Есть в наличии
16,Штатна магнітола Gazer CM5509-RB for Hyundai Accent (RB) (2010-2015),"12 999
₴
Бонусами
130 ₴",Есть в наличии
17,Штатна магнітола Gazer CM5006-LD for Kia Cerato (LD) (2003-2009),"15 045
₴
Бонусами
150 ₴",Есть в наличии
18,Штатна магнітола Gazer CM5007-RE for Honda CRV (RE) (2006-2011),"12 999
₴
Бонусами
130 ₴",Есть в наличии
19,Штатна магнітола Gazer CM5007-BA for Hyundai i10 (BA) (2013-2016),"14 999
₴
Бонусами
150 ₴",Есть в наличии
20,Штатна магнітола Gazer CM6510-YD for Kia Cereato (YD) (2015-2017),"20 899
₴
Бонусами
209 ₴",Есть в наличии
21,Штатна магнітола Gazer CM6510-LF for Hyundai Sonata (LF) (2015-2017),"23 499
₴
Бонусами
235 ₴",Есть в наличии
22,Уцінка - Відеореєстратор Gazer F150 #,"3 999
₴",Есть в наличии
23,Штатна магнітола Gazer CM5007-408W for Peugeot 408 (2010-2013),"14 999
₴
Бонусами
150 ₴",Есть в наличии
24,Штатна магнітола Gazer CM6007-EL for Hyundai IX35 (EL) (2010-2015),"20 899
₴
Бонусами
209 ₴",Есть в наличии
25,Штатна магнітола Gazer CM5510-MK49 for Jeep Compass (MK49) (2007-2016),"15 045
₴
Бонусами
150 ₴",Есть в наличии
26,"Штатна магнітола Gazer CM5006-SC11 for Nissan Tiida, Qashqai, X-Trail , Patrol","12 999
₴
Бонусами
130 ₴",Есть в наличии
27,Штатна магнітола Gazer CM7012-J200N for Toyota LC 200 (J200N) (2016-2017),"25 999
₴
Бонусами
260 ₴",Есть в наличии
28,"Штатна магнітола Gazer CM6007-E39 for BMW 5 (E39), X5 (E53) (1996-20 04)","23 499
₴
Бонусами
235 ₴",Есть в наличии
29,Штатна магнітола Gazer CM6510-E21,"21 989
₴
Бонусами
220 ₴",Есть в наличии
30,Штатна магнітола Gazer CM6509-GV,"21 989
₴
Бонусами
220 ₴",Есть в наличии
31,Штатна магнітола Gazer CM5509-GV,"17 899
₴
Бонусами
179 ₴",Есть в наличии
32,Штатна магнітола Gazer CM5508-CYA,"15 779
₴
Бонусами
158 ₴",Есть в наличии
33,Штатна магнітола Gazer CM6509-QL for Kia Sportage (QL) (2015-2017),"20 899
₴
Бонусами
209 ₴",Есть в наличии
34,Штатна магнітола Gazer CM5007-8J for AUDI TT (2006-2011),"14 999
₴
Бонусами
150 ₴",Есть в наличии
35,Штатна магнітола Gazer CM5509-RW for Honda CRV 2017+,"14 209
₴
Бонусами
142 ₴",Есть в наличии
36,Штатна магнітола Gazer CM5009-KHW for Mitsubishi Pajero Sport (KHW),"17 765
₴
Бонусами
178 ₴",Есть в наличии
37,Штатна магнітола Gazer CM6007-QV for Kia Mohave (QV) (2007-2012),"20 899
₴
Бонусами
209 ₴",Есть в наличии
38,Штатна магнітола Gazer CM7010-MD for Hyundai Elantra (MD) (2011-2016),"25 999
₴
Бонусами
260 ₴",Есть в наличии
39,Штатна магнітола Gazer CM5007-QV for Kia Mohave (QV) (2007-2012),"14 999
₴
Бонусами
150 ₴",Есть в наличии
40,Штатна магнітола Gazer CM6509-RB for Hyundai Accent (RB) (2010-2015),"17 259
₴
Бонусами
173 ₴",Есть в наличии
41,Штатна магнітола Gazer CM5009-BK for Ford Focus (BK) (2015-2017),"14 999
₴
Бонусами
150 ₴",Есть в наличии
42,Штатна магнітола Gazer CM6008-JD for Kia Ceed (JD) (2011-2017),"20 899
₴
Бонусами
209 ₴",Есть в наличии
43,Штатна магнітола Gazer CM6509-UB for Kia Rio (UB) (2012-2015),"17 259
₴
Бонусами
173 ₴",Есть в наличии
44,Штатна магнітола Gazer CM5007-TA for Kia Picanto (TA) (2011-2017),"12 999
₴
Бонусами
130 ₴",Есть в наличии
45,Штатна магнітола Gazer CM5007-BK for Mazda 3 (BK) (2004-2009),"14 999
₴
Бонусами
150 ₴",Есть в наличии
46,Штатна магнітола Gazer CM6007-XK for Jeep Commander (XK) (2007-2012),"20 899
₴
Бонусами
209 ₴",Есть в наличии
47,Штатна магнітола Gazer CM6510-JK for Jeep Wrangler (JK) (2011-2014),"21 389
₴
Бонусами
214 ₴",Есть в наличии
48,Штатна магнітола Gazer CM6510-614 for VW Polo (614) (2016-2017),"20 899
₴
Бонусами
209 ₴",Есть в наличии
49,Штатна магнітола Gazer CM5510-614 for VW Polo (614) (2016-2017),"14 999
₴
Бонусами
150 ₴",Есть в наличии
50,Штатна магнітола Gazer CM5510-TL for Hyundai Tucson (TL) (2015-2017),"14 999
₴
Бонусами
150 ₴",Есть в наличии
51,-,-,Есть в наличии
