,Name,Price,Nal
0,GPS модуль Gazer ACG 230W,"799
₴",Есть в наличии
1,Відеореєстратор Gazer F118,"2 199
₴
Бонусами
22 ₴",Есть в наличии
2,Відеореєстратор Gazer F715,"1 899
₴
Бонусами
19 ₴",Есть в наличии
3,Відеореєстратор Gazer F155,"5 999
₴
Бонусами
60 ₴",Есть в наличии
4,Відеореєстратор Gazer CF730-IN,"1 499
₴
Бонусами
15 ₴",Есть в наличии
5,Відеореєстратор Gazer MUW5000,"5 999
₴
Бонусами
60 ₴",Есть в наличии
6,Відеореєстратор Gazer MUW7000,"8 999
₴
Бонусами
90 ₴",Есть в наличии
7,GPS модуль Gazer ACG750,"999
₴
Бонусами
10 ₴",Есть в наличии
8,Пульт ДУ універсальний Gazer RC15,"479
₴
Бонусами
5 ₴",Есть в наличии
9,Телевізор Gazer TV55-US2G,"18 999
₴
Бонусами
190 ₴",Есть в наличии
10,Телевізор Gazer TV49-US2G,"16 499
₴
Бонусами
165 ₴",Есть в наличии
11,Відеореєстратор Gazer F750w,"9 999
₴
Бонусами
100 ₴",Есть в наличии
12,Телевізор Gazer TV43-US2G,"13 999
₴
Бонусами
140 ₴",Есть в наличии
13,Штатна магнітола Gazer CM5008-RE for Honda CRV (RE) (2006-2011),"6 715
₴
Бонусами
67 ₴",Есть в наличии
14,Уцінка - Відеореєстратор Gazer F150 #,"3 999
₴",Есть в наличии
15,Штатна магнітола Gazer CM6510-LF for Hyundai Sonata (LF) (2015-2017),"23 499
₴
Бонусами
235 ₴",Есть в наличии
16,Штатна магнітола Gazer CM6509-QL for Kia Sportage (QL) (2015-2017),"20 899
₴
Бонусами
209 ₴",Есть в наличии
17,Штатна магнітола Gazer CM5006-NF for Hyundai Sonata (NF) (2009-2010),"12 999
₴
Бонусами
130 ₴",Есть в наличии
18,Штатна магнітола Gazer CM6007-RM4 for Honda CRV (RM4) (2012-2016),"18 899
₴
Бонусами
189 ₴",Есть в наличии
19,Штатна магнітола Gazer CM5007-E180 for Toyota Auris (E180) (2006-2012),"14 999
₴
Бонусами
150 ₴",Есть в наличии
20,Штатна магнітола Gazer CM6006-CM for Hyundai Santa Fe (CM) (2006-2012),"20 899
₴
Бонусами
209 ₴",Есть в наличии
21,Штатна магнітола Gazer CM6007-EL for Hyundai IX35 (EL) (2010-2015),"20 899
₴
Бонусами
209 ₴",Есть в наличии
22,"Штатна магнітола Gazer CM5510-ASX10 for Mitsubishi Lancer (2007-2013), ASX (2007-2010)","14 999
₴
Бонусами
150 ₴",Есть в наличии
23,Телевізор Gazer TV65-US2G,"26 999
₴
Бонусами
270 ₴",Есть в наличии
24,Штатна магнітола Gazer CM6510-E21,"21 989
₴
Бонусами
220 ₴",Есть в наличии
25,Штатна магнітола Gazer CM6509-GV,"21 989
₴
Бонусами
220 ₴",Есть в наличии
26,Штатна магнітола Gazer CM5509-GV,"17 899
₴
Бонусами
179 ₴",Есть в наличии
27,Штатна магнітола Gazer CM5508-CYA,"15 779
₴
Бонусами
158 ₴",Есть в наличии
28,Штатна магнітола Gazer CM5007-8J for AUDI TT (2006-2011),"14 999
₴
Бонусами
150 ₴",Есть в наличии
29,Штатна магнітола Gazer CM5509-RW for Honda CRV 2017+,"14 209
₴
Бонусами
142 ₴",Есть в наличии
30,Штатна магнітола Gazer CM5009-KHW for Mitsubishi Pajero Sport (KHW),"17 765
₴
Бонусами
178 ₴",Есть в наличии
31,"Штатна магнітола Gazer CM6007-W163 for Mercedes A (W168), C (W203), E (W210), CLK(W209)","21 389
₴
Бонусами
214 ₴",Есть в наличии
32,Штатна магнітола Gazer CM6007-QV for Kia Mohave (QV) (2007-2012),"20 899
₴
Бонусами
209 ₴",Есть в наличии
33,Штатна магнітола Gazer CM5006-LD for Kia Cerato (LD) (2003-2009),"15 045
₴
Бонусами
150 ₴",Есть в наличии
34,Штатна магнітола Gazer CM6007-955 for Porsche Cayenne (955) (2002-2009),"23 499
₴
Бонусами
235 ₴",Есть в наличии
35,Штатна магнітола Gazer CM6007-BK for Mazda 3 (BK) (2004-2009),"20 899
₴
Бонусами
209 ₴",Есть в наличии
36,Штатна магнітола Gazer CM6007-263 for Fiat Doblo (263) (2015-2017),"20 899
₴
Бонусами
209 ₴",Есть в наличии
37,Штатна магнітола Gazer CM6509-NJ for Skoda Fabia (NJ) (2015-2017),"20 899
₴
Бонусами
209 ₴",Есть в наличии
38,Штатна магнітола Gazer CM5007-198 for Fiat Bravo (198) (2007-2015),"14 999
₴
Бонусами
150 ₴",Есть в наличии
39,Штатна магнітола Gazer CM5007-QV for Kia Mohave (QV) (2007-2012),"14 999
₴
Бонусами
150 ₴",Есть в наличии
40,Штатна магнітола Gazer CM5007-ED for Kia Ceed (ED) (2007-2012),"15 049
₴
Бонусами
150 ₴",Есть в наличии
41,Штатна магнітола Gazer CM6509-RB for Hyundai Accent (RB) (2010-2015),"17 259
₴
Бонусами
173 ₴",Есть в наличии
42,Штатна магнітола Gazer CM6007-XK for Jeep Commander (XK) (2007-2012),"20 899
₴
Бонусами
209 ₴",Есть в наличии
43,Штатна магнітола Gazer CM6510-JK for Jeep Wrangler (JK) (2011-2014),"21 389
₴
Бонусами
214 ₴",Есть в наличии
44,Штатна магнітола Gazer CM6510-614 for VW Polo (614) (2016-2017),"20 899
₴
Бонусами
209 ₴",Есть в наличии
45,Штатна магнітола Gazer CM5510-614 for VW Polo (614) (2016-2017),"14 999
₴
Бонусами
150 ₴",Есть в наличии
46,Штатна магнітола Gazer CM5510-TL for Hyundai Tucson (TL) (2015-2017),"14 999
₴
Бонусами
150 ₴",Есть в наличии
47,Штатна магнітола Gazer CM5509-YF for Hyundai Sonata (YF) (2010-2015),"14 999
₴
Бонусами
150 ₴",Есть в наличии
48,Штатна магнітола Gazer CM5510-LF for Hyundai Sonata (LF) (2015-2017),"16 999
₴
Бонусами
170 ₴",Есть в наличии
49,Штатна магнітола Gazer CM5509-RB for Hyundai Accent (RB) (2010-2015),"12 999
₴
Бонусами
130 ₴",Есть в наличии
50,Штатна магнітола Gazer CM6510-GFW for Mitsubishi Outlander (GFW) (2014-2017),"17 619
₴
Бонусами
176 ₴",Есть в наличии
51,-,-,Есть в наличии
